{
  "version": "2.0.0",
  "id": "ly.img.effect",
  "assets": [
    {
      "id": "//ly.img.cesdk.effect/pixelize",
      "meta": {
        "effectType": "//ly.img.ubq/effect/pixelize",
        "thumbUri": "{{base_url}}/ly.img.effect/thumbnails/imgly_effect_2.jpeg"
      },
      "label": {
        "en": "Pixelize"
      }
    },
    {
      "id": "//ly.img.cesdk.effect/radial_pixel",
      "meta": {
        "effectType": "//ly.img.ubq/effect/radial_pixel",
        "thumbUri": "{{base_url}}/ly.img.effect/thumbnails/imgly_effect_3.jpeg"
      },
      "label": {
        "en": "Radial Pixel"
      }
    },
    {
      "id": "//ly.img.cesdk.effect/cross_cut",
      "meta": {
        "effectType": "//ly.img.ubq/effect/cross_cut",
        "thumbUri": "{{base_url}}/ly.img.effect/thumbnails/imgly_effect_4.jpeg"
      },
      "label": {
        "en": "Cross Cut"
      }
    },
    {
      "id": "//ly.img.cesdk.effect/liquid",
      "meta": {
        "effectType": "//ly.img.ubq/effect/liquid",
        "thumbUri": "{{base_url}}/ly.img.effect/thumbnails/imgly_effect_6.jpeg"
      },
      "label": {
        "en": "Liquid"
      }
    },
    {
      "id": "//ly.img.cesdk.effect/outliner",
      "meta": {
        "effectType": "//ly.img.ubq/effect/outliner",
        "thumbUri": "{{base_url}}/ly.img.effect/thumbnails/imgly_effect_9.jpeg"
      },
      "label": {
        "en": "Outliner"
      }
    },
    {
      "id": "//ly.img.cesdk.effect/dot_pattern",
      "meta": {
        "effectType": "//ly.img.ubq/effect/dot_pattern",
        "thumbUri": "{{base_url}}/ly.img.effect/thumbnails/imgly_effect_11.jpeg"
      },
      "label": {
        "en": "Dot Pattern"
      }
    },
    {
      "id": "//ly.img.cesdk.effect/posterize",
      "meta": {
        "effectType": "//ly.img.ubq/effect/posterize",
        "thumbUri": "{{base_url}}/ly.img.effect/thumbnails/imgly_effect_12.jpeg"
      },
      "label": {
        "en": "Posterize"
      }
    },
    {
      "id": "//ly.img.cesdk.effect/tv_glitch",
      "meta": {
        "effectType": "//ly.img.ubq/effect/tv_glitch",
        "thumbUri": "{{base_url}}/ly.img.effect/thumbnails/imgly_effect_13.jpeg"
      },
      "label": {
        "en": "TV Glitch"
      }
    },
    {
      "id": "//ly.img.cesdk.effect/half_tone",
      "meta": {
        "effectType": "//ly.img.ubq/effect/half_tone",
        "thumbUri": "{{base_url}}/ly.img.effect/thumbnails/imgly_effect_14.jpeg"
      },
      "label": {
        "en": "Half Tone"
      }
    },
    {
      "id": "//ly.img.cesdk.effect/linocut",
      "meta": {
        "effectType": "//ly.img.ubq/effect/linocut",
        "thumbUri": "{{base_url}}/ly.img.effect/thumbnails/imgly_effect_15.jpeg"
      },
      "label": {
        "en": "Linocut"
      }
    },
    {
      "id": "//ly.img.cesdk.effect/shifter",
      "meta": {
        "effectType": "//ly.img.ubq/effect/shifter",
        "thumbUri": "{{base_url}}/ly.img.effect/thumbnails/imgly_effect_17.jpeg"
      },
      "label": {
        "en": "Shifter"
      }
    },
    {
      "id": "//ly.img.cesdk.effect/mirror",
      "meta": {
        "effectType": "//ly.img.ubq/effect/mirror",
        "thumbUri": "{{base_url}}/ly.img.effect/thumbnails/imgly_effect_18.jpeg"
      },
      "label": {
        "en": "Mirror"
      }
    },
    {
      "id": "//ly.img.cesdk.effect/glow",
      "meta": {
        "effectType": "//ly.img.ubq/effect/glow",
        "thumbUri": "{{base_url}}/ly.img.effect/thumbnails/imgly_effect_19.jpeg"
      },
      "label": {
        "en": "Glow"
      }
    },
    {
      "id": "//ly.img.cesdk.effect/vignette",
      "meta": {
        "effectType": "//ly.img.ubq/effect/vignette",
        "thumbUri": "{{base_url}}/ly.img.effect/thumbnails/imgly_effect_20.jpeg"
      },
      "label": {
        "en": "Vignette"
      }
    },
    {
      "id": "//ly.img.cesdk.effect/tilt_shift",
      "meta": {
        "effectType": "//ly.img.ubq/effect/tilt_shift",
        "thumbUri": "{{base_url}}/ly.img.effect/thumbnails/imgly_effect_21.jpeg"
      },
      "label": {
        "en": "Tilt Shift"
      }
    },
    {
      "id": "//ly.img.cesdk.effect/extrude_blur",
      "meta": {
        "effectType": "//ly.img.ubq/effect/extrude_blur",
        "thumbUri": "{{base_url}}/ly.img.effect/thumbnails/imgly_effect_22.jpeg"
      },
      "label": {
        "en": "Explode"
      }
    },
    {
      "id": "//ly.img.cesdk.effect/sharpie",
      "meta": {
        "effectType": "//ly.img.ubq/effect/sharpie",
        "thumbUri": "{{base_url}}/ly.img.effect/thumbnails/imgly_effect_28.jpeg"
      },
      "label": {
        "en": "Sharpie"
      }
    }
  ]
}
