{
  "version": "2.0.0",
  "id": "ly.img.filter.lut",
  "assets": [
    {
      "id": "//ly.img.cesdk.filters.lut/ad1920",
      "groups": ["//ly.img.cesdk.filters.lut/category/bw"],
      "label": {
        "en": "1920 A.D."
      },
      "tags": {},
      "meta": {
        "uri": "{{base_url}}/ly.img.filter.lut/LUTs/imgly_lut_ad1920_5_5_128.png",
        "thumbUri": "{{base_url}}/ly.img.filter.lut/thumbnails/imgly_lut_ad1920.jpg",
        "horizontalTileCount": 5,
        "verticalTileCount": 5
      }
    },
    {
      "id": "//ly.img.cesdk.filters.lut/bw",
      "groups": ["//ly.img.cesdk.filters.lut/category/bw"],
      "label": {
        "en": "Greyed"
      },
      "tags": {},
      "meta": {
        "uri": "{{base_url}}/ly.img.filter.lut/LUTs/imgly_lut_bw_5_5_128.png",
        "thumbUri": "{{base_url}}/ly.img.filter.lut/thumbnails/imgly_lut_bw.jpg",
        "horizontalTileCount": 5,
        "verticalTileCount": 5
      }
    },
    {
      "id": "//ly.img.cesdk.filters.lut/x400",
      "groups": ["//ly.img.cesdk.filters.lut/category/bw"],
      "label": {
        "en": "Dusty"
      },
      "tags": {},
      "meta": {
        "uri": "{{base_url}}/ly.img.filter.lut/LUTs/imgly_lut_dusty_5_5_128.png",
        "thumbUri": "{{base_url}}/ly.img.filter.lut/thumbnails/imgly_lut_x400.jpg",
        "horizontalTileCount": 5,
        "verticalTileCount": 5
      }
    },
    {
      "id": "//ly.img.cesdk.filters.lut/litho",
      "groups": ["//ly.img.cesdk.filters.lut/category/bw"],
      "label": {
        "en": "Litho"
      },
      "tags": {},
      "meta": {
        "uri": "{{base_url}}/ly.img.filter.lut/LUTs/imgly_lut_litho_5_5_128.png",
        "thumbUri": "{{base_url}}/ly.img.filter.lut/thumbnails/imgly_lut_litho.jpg",
        "horizontalTileCount": 5,
        "verticalTileCount": 5
      }
    },
    {
      "id": "//ly.img.cesdk.filters.lut/sepiahigh",
      "groups": ["//ly.img.cesdk.filters.lut/category/bw"],
      "label": {
        "en": "Sepia"
      },
      "tags": {},
      "meta": {
        "uri": "{{base_url}}/ly.img.filter.lut/LUTs/imgly_lut_sepia_5_5_128.png",
        "thumbUri": "{{base_url}}/ly.img.filter.lut/thumbnails/imgly_lut_sepiahigh.jpg",
        "horizontalTileCount": 5,
        "verticalTileCount": 5
      }
    },
    {
      "id": "//ly.img.cesdk.filters.lut/plate",
      "groups": ["//ly.img.cesdk.filters.lut/category/bw"],
      "label": {
        "en": "Weathered"
      },
      "tags": {},
      "meta": {
        "uri": "{{base_url}}/ly.img.filter.lut/LUTs/imgly_lut_weathered_5_5_128.png",
        "thumbUri": "{{base_url}}/ly.img.filter.lut/thumbnails/imgly_lut_plate.jpg",
        "horizontalTileCount": 5,
        "verticalTileCount": 5
      }
    },
    {
      "id": "//ly.img.cesdk.filters.lut/sin",
      "groups": ["//ly.img.cesdk.filters.lut/category/bw"],
      "label": {
        "en": "Hard Stuff"
      },
      "tags": {},
      "meta": {
        "uri": "{{base_url}}/ly.img.filter.lut/LUTs/imgly_lut_hard_stuff_8_8_512.png",
        "thumbUri": "{{base_url}}/ly.img.filter.lut/thumbnails/imgly_lut_sin.jpg",
        "horizontalTileCount": 8,
        "verticalTileCount": 8
      }
    },
    {
      "id": "//ly.img.cesdk.filters.lut/blues",
      "groups": ["//ly.img.cesdk.filters.lut/category/retro"],
      "label": {
        "en": "Polaroid"
      },
      "tags": {},
      "meta": {
        "uri": "{{base_url}}/ly.img.filter.lut/LUTs/imgly_lut_polaroid_5_5_128.png",
        "thumbUri": "{{base_url}}/ly.img.filter.lut/thumbnails/imgly_lut_blues.jpg",
        "horizontalTileCount": 5,
        "verticalTileCount": 5
      }
    },
    {
      "id": "//ly.img.cesdk.filters.lut/front",
      "groups": ["//ly.img.cesdk.filters.lut/category/retro"],
      "label": {
        "en": "Sunny 70s"
      },
      "tags": {},
      "meta": {
        "uri": "{{base_url}}/ly.img.filter.lut/LUTs/imgly_lut_sunny_70s_8_8_512.png",
        "thumbUri": "{{base_url}}/ly.img.filter.lut/thumbnails/imgly_lut_front.jpg",
        "horizontalTileCount": 8,
        "verticalTileCount": 8
      }
    },
    {
      "id": "//ly.img.cesdk.filters.lut/texas",
      "groups": ["//ly.img.cesdk.filters.lut/category/retro"],
      "label": {
        "en": "Oldtimer"
      },
      "tags": {},
      "meta": {
        "uri": "{{base_url}}/ly.img.filter.lut/LUTs/imgly_lut_oldtimer_8_8_512.png",
        "thumbUri": "{{base_url}}/ly.img.filter.lut/thumbnails/imgly_lut_texas.jpg",
        "horizontalTileCount": 8,
        "verticalTileCount": 8
      }
    },
    {
      "id": "//ly.img.cesdk.filters.lut/celsius",
      "groups": ["//ly.img.cesdk.filters.lut/category/retro"],
      "label": {
        "en": "Inferno"
      },
      "tags": {},
      "meta": {
        "uri": "{{base_url}}/ly.img.filter.lut/LUTs/imgly_lut_inferno_8_8_512.png",
        "thumbUri": "{{base_url}}/ly.img.filter.lut/thumbnails/imgly_lut_celsius.jpg",
        "horizontalTileCount": 8,
        "verticalTileCount": 8
      }
    },
    {
      "id": "//ly.img.cesdk.filters.lut/cool",
      "groups": ["//ly.img.cesdk.filters.lut/category/retro"],
      "label": {
        "en": "Snappy"
      },
      "tags": {},
      "meta": {
        "uri": "{{base_url}}/ly.img.filter.lut/LUTs/imgly_lut_snappy_5_5_128.png",
        "thumbUri": "{{base_url}}/ly.img.filter.lut/thumbnails/imgly_lut_cool.jpg",
        "horizontalTileCount": 5,
        "verticalTileCount": 5
      }
    },
    {
      "id": "//ly.img.cesdk.filters.lut/chest",
      "groups": ["//ly.img.cesdk.filters.lut/category/analog"],
      "label": {
        "en": "Chestnut"
      },
      "tags": {},
      "meta": {
        "uri": "{{base_url}}/ly.img.filter.lut/LUTs/imgly_lut_chestnut_8_8_512.png",
        "thumbUri": "{{base_url}}/ly.img.filter.lut/thumbnails/imgly_lut_chest.jpg",
        "horizontalTileCount": 8,
        "verticalTileCount": 8
      }
    },
    {
      "id": "//ly.img.cesdk.filters.lut/winter",
      "groups": ["//ly.img.cesdk.filters.lut/category/analog"],
      "label": {
        "en": "Softy"
      },
      "tags": {},
      "meta": {
        "uri": "{{base_url}}/ly.img.filter.lut/LUTs/imgly_lut_softly_5_5_128.png",
        "thumbUri": "{{base_url}}/ly.img.filter.lut/thumbnails/imgly_lut_winter.jpg",
        "horizontalTileCount": 5,
        "verticalTileCount": 5
      }
    },
    {
      "id": "//ly.img.cesdk.filters.lut/kdynamic",
      "groups": ["//ly.img.cesdk.filters.lut/category/analog"],
      "label": {
        "en": "Pebble"
      },
      "tags": {},
      "meta": {
        "uri": "{{base_url}}/ly.img.filter.lut/LUTs/imgly_lut_pebble_5_5_128.png",
        "thumbUri": "{{base_url}}/ly.img.filter.lut/thumbnails/imgly_lut_kdynamic.jpg",
        "horizontalTileCount": 5,
        "verticalTileCount": 5
      }
    },
    {
      "id": "//ly.img.cesdk.filters.lut/fall",
      "groups": ["//ly.img.cesdk.filters.lut/category/analog"],
      "label": {
        "en": "Moss"
      },
      "tags": {},
      "meta": {
        "uri": "{{base_url}}/ly.img.filter.lut/LUTs/imgly_lut_moss_5_5_128.png",
        "thumbUri": "{{base_url}}/ly.img.filter.lut/thumbnails/imgly_lut_fall.jpg",
        "horizontalTileCount": 5,
        "verticalTileCount": 5
      }
    },
    {
      "id": "//ly.img.cesdk.filters.lut/lenin",
      "groups": ["//ly.img.cesdk.filters.lut/category/analog"],
      "label": {
        "en": "Lemon"
      },
      "tags": {},
      "meta": {
        "uri": "{{base_url}}/ly.img.filter.lut/LUTs/imgly_lut_lemon_5_5_128.png",
        "thumbUri": "{{base_url}}/ly.img.filter.lut/thumbnails/imgly_lut_lenin.jpg",
        "horizontalTileCount": 5,
        "verticalTileCount": 5
      }
    },
    {
      "id": "//ly.img.cesdk.filters.lut/pola669",
      "groups": ["//ly.img.cesdk.filters.lut/category/analog"],
      "label": {
        "en": "Green Gap"
      },
      "tags": {},
      "meta": {
        "uri": "{{base_url}}/ly.img.filter.lut/LUTs/imgly_lut_green_gap_5_5_128.png",
        "thumbUri": "{{base_url}}/ly.img.filter.lut/thumbnails/imgly_lut_pola669.jpg",
        "horizontalTileCount": 5,
        "verticalTileCount": 5
      }
    },
    {
      "id": "//ly.img.cesdk.filters.lut/elder",
      "groups": ["//ly.img.cesdk.filters.lut/category/winter"],
      "label": {
        "en": "Colla"
      },
      "tags": {},
      "meta": {
        "uri": "{{base_url}}/ly.img.filter.lut/LUTs/imgly_lut_colla_5_5_128.png",
        "thumbUri": "{{base_url}}/ly.img.filter.lut/thumbnails/imgly_lut_elder.jpg",
        "horizontalTileCount": 5,
        "verticalTileCount": 5
      }
    },
    {
      "id": "//ly.img.cesdk.filters.lut/orchid",
      "groups": ["//ly.img.cesdk.filters.lut/category/winter"],
      "label": {
        "en": "Solanus"
      },
      "tags": {},
      "meta": {
        "uri": "{{base_url}}/ly.img.filter.lut/LUTs/imgly_lut_solanus_5_5_128.png",
        "thumbUri": "{{base_url}}/ly.img.filter.lut/thumbnails/imgly_lut_orchid.jpg",
        "horizontalTileCount": 5,
        "verticalTileCount": 5
      }
    },
    {
      "id": "//ly.img.cesdk.filters.lut/bleached",
      "groups": ["//ly.img.cesdk.filters.lut/category/winter"],
      "label": {
        "en": "Kalmen"
      },
      "tags": {},
      "meta": {
        "uri": "{{base_url}}/ly.img.filter.lut/LUTs/imgly_lut_kalmen_5_5_128.png",
        "thumbUri": "{{base_url}}/ly.img.filter.lut/thumbnails/imgly_lut_bleached.jpg",
        "horizontalTileCount": 5,
        "verticalTileCount": 5
      }
    },
    {
      "id": "//ly.img.cesdk.filters.lut/bleachedblue",
      "groups": ["//ly.img.cesdk.filters.lut/category/winter"],
      "label": {
        "en": "Joran"
      },
      "tags": {},
      "meta": {
        "uri": "{{base_url}}/ly.img.filter.lut/LUTs/imgly_lut_joran_5_5_128.png",
        "thumbUri": "{{base_url}}/ly.img.filter.lut/thumbnails/imgly_lut_bleachedblue.jpg",
        "horizontalTileCount": 5,
        "verticalTileCount": 5
      }
    },
    {
      "id": "//ly.img.cesdk.filters.lut/breeze",
      "groups": ["//ly.img.cesdk.filters.lut/category/winter"],
      "label": {
        "en": "Levante"
      },
      "tags": {},
      "meta": {
        "uri": "{{base_url}}/ly.img.filter.lut/LUTs/imgly_lut_levante_5_5_128.png",
        "thumbUri": "{{base_url}}/ly.img.filter.lut/thumbnails/imgly_lut_breeze.jpg",
        "horizontalTileCount": 5,
        "verticalTileCount": 5
      }
    },
    {
      "id": "//ly.img.cesdk.filters.lut/blueshadows",
      "groups": ["//ly.img.cesdk.filters.lut/category/winter"],
      "label": {
        "en": "Zephyr"
      },
      "tags": {},
      "meta": {
        "uri": "{{base_url}}/ly.img.filter.lut/LUTs/imgly_lut_zephyr_5_5_128.png",
        "thumbUri": "{{base_url}}/ly.img.filter.lut/thumbnails/imgly_lut_blueshadows.jpg",
        "horizontalTileCount": 5,
        "verticalTileCount": 5
      }
    },
    {
      "id": "//ly.img.cesdk.filters.lut/sunset",
      "groups": ["//ly.img.cesdk.filters.lut/category/summer"],
      "label": {
        "en": "Golden"
      },
      "tags": {},
      "meta": {
        "uri": "{{base_url}}/ly.img.filter.lut/LUTs/imgly_lut_golden_5_5_128.png",
        "thumbUri": "{{base_url}}/ly.img.filter.lut/thumbnails/imgly_lut_sunset.jpg",
        "horizontalTileCount": 5,
        "verticalTileCount": 5
      }
    },
    {
      "id": "//ly.img.cesdk.filters.lut/eighties",
      "groups": ["//ly.img.cesdk.filters.lut/category/summer"],
      "label": {
        "en": "Low Fire"
      },
      "tags": {},
      "meta": {
        "uri": "{{base_url}}/ly.img.filter.lut/LUTs/imgly_lut_low_fire_5_5_128.png",
        "thumbUri": "{{base_url}}/ly.img.filter.lut/thumbnails/imgly_lut_eighties.jpg",
        "horizontalTileCount": 5,
        "verticalTileCount": 5
      }
    },
    {
      "id": "//ly.img.cesdk.filters.lut/evening",
      "groups": ["//ly.img.cesdk.filters.lut/category/summer"],
      "label": {
        "en": "Sunrise"
      },
      "tags": {},
      "meta": {
        "uri": "{{base_url}}/ly.img.filter.lut/LUTs/imgly_lut_sunrise_5_5_128.png",
        "thumbUri": "{{base_url}}/ly.img.filter.lut/thumbnails/imgly_lut_evening.jpg",
        "horizontalTileCount": 5,
        "verticalTileCount": 5
      }
    },
    {
      "id": "//ly.img.cesdk.filters.lut/k2",
      "groups": ["//ly.img.cesdk.filters.lut/category/summer"],
      "label": {
        "en": "Flat Black"
      },
      "tags": {},
      "meta": {
        "uri": "{{base_url}}/ly.img.filter.lut/LUTs/imgly_lut_flat_black_8_8_512.png",
        "thumbUri": "{{base_url}}/ly.img.filter.lut/thumbnails/imgly_lut_k2.jpg",
        "horizontalTileCount": 8,
        "verticalTileCount": 8
      }
    },
    {
      "id": "//ly.img.cesdk.filters.lut/nogreen",
      "groups": ["//ly.img.cesdk.filters.lut/category/summer"],
      "label": {
        "en": "Pumpkin"
      },
      "tags": {},
      "meta": {
        "uri": "{{base_url}}/ly.img.filter.lut/LUTs/imgly_lut_pumpkin_5_5_128.png",
        "thumbUri": "{{base_url}}/ly.img.filter.lut/thumbnails/imgly_lut_nogreen.jpg",
        "horizontalTileCount": 5,
        "verticalTileCount": 5
      }
    },
    {
      "id": "//ly.img.cesdk.filters.lut/ancient",
      "groups": ["//ly.img.cesdk.filters.lut/category/legacy"],
      "label": {
        "en": "Ancient"
      },
      "tags": {},
      "meta": {
        "uri": "{{base_url}}/ly.img.filter.lut/LUTs/imgly_lut_ancient_5_5_128.png",
        "thumbUri": "{{base_url}}/ly.img.filter.lut/thumbnails/imgly_lut_ancient.jpg",
        "horizontalTileCount": 5,
        "verticalTileCount": 5
      }
    },
    {
      "id": "//ly.img.cesdk.filters.lut/cottoncandy",
      "groups": ["//ly.img.cesdk.filters.lut/category/legacy"],
      "label": {
        "en": "Candy"
      },
      "tags": {},
      "meta": {
        "uri": "{{base_url}}/ly.img.filter.lut/LUTs/imgly_lut_cottoncandy_5_5_128.png",
        "thumbUri": "{{base_url}}/ly.img.filter.lut/thumbnails/imgly_lut_cottoncandy.jpg",
        "horizontalTileCount": 5,
        "verticalTileCount": 5
      }
    },
    {
      "id": "//ly.img.cesdk.filters.lut/classic",
      "groups": ["//ly.img.cesdk.filters.lut/category/legacy"],
      "label": {
        "en": "Classic"
      },
      "tags": {},
      "meta": {
        "uri": "{{base_url}}/ly.img.filter.lut/LUTs/imgly_lut_classic_5_5_128.png",
        "thumbUri": "{{base_url}}/ly.img.filter.lut/thumbnails/imgly_lut_classic.jpg",
        "horizontalTileCount": 5,
        "verticalTileCount": 5
      }
    },
    {
      "id": "//ly.img.cesdk.filters.lut/colorful",
      "groups": ["//ly.img.cesdk.filters.lut/category/legacy"],
      "label": {
        "en": "Colorful"
      },
      "tags": {},
      "meta": {
        "uri": "{{base_url}}/ly.img.filter.lut/LUTs/imgly_lut_colorful_5_5_128.png",
        "thumbUri": "{{base_url}}/ly.img.filter.lut/thumbnails/imgly_lut_colorful.jpg",
        "horizontalTileCount": 5,
        "verticalTileCount": 5
      }
    },
    {
      "id": "//ly.img.cesdk.filters.lut/creamy",
      "groups": ["//ly.img.cesdk.filters.lut/category/legacy"],
      "label": {
        "en": "Creamy"
      },
      "tags": {},
      "meta": {
        "uri": "{{base_url}}/ly.img.filter.lut/LUTs/imgly_lut_creamy_5_5_128.png",
        "thumbUri": "{{base_url}}/ly.img.filter.lut/thumbnails/imgly_lut_creamy.jpg",
        "horizontalTileCount": 5,
        "verticalTileCount": 5
      }
    },
    {
      "id": "//ly.img.cesdk.filters.lut/fixie",
      "groups": ["//ly.img.cesdk.filters.lut/category/legacy"],
      "label": {
        "en": "Fixie"
      },
      "tags": {},
      "meta": {
        "uri": "{{base_url}}/ly.img.filter.lut/LUTs/imgly_lut_fixie_8_8_512.png",
        "thumbUri": "{{base_url}}/ly.img.filter.lut/thumbnails/imgly_lut_fixie.jpg",
        "horizontalTileCount": 8,
        "verticalTileCount": 8
      }
    },
    {
      "id": "//ly.img.cesdk.filters.lut/food",
      "groups": ["//ly.img.cesdk.filters.lut/category/legacy"],
      "label": {
        "en": "Food"
      },
      "tags": {},
      "meta": {
        "uri": "{{base_url}}/ly.img.filter.lut/LUTs/imgly_lut_food_5_5_128.png",
        "thumbUri": "{{base_url}}/ly.img.filter.lut/thumbnails/imgly_lut_food.jpg",
        "horizontalTileCount": 5,
        "verticalTileCount": 5
      }
    },
    {
      "id": "//ly.img.cesdk.filters.lut/fridge",
      "groups": ["//ly.img.cesdk.filters.lut/category/legacy"],
      "label": {
        "en": "Fridge"
      },
      "tags": {},
      "meta": {
        "uri": "{{base_url}}/ly.img.filter.lut/LUTs/imgly_lut_fridge_8_8_512.png",
        "thumbUri": "{{base_url}}/ly.img.filter.lut/thumbnails/imgly_lut_fridge.jpg",
        "horizontalTileCount": 8,
        "verticalTileCount": 8
      }
    },
    {
      "id": "//ly.img.cesdk.filters.lut/glam",
      "groups": ["//ly.img.cesdk.filters.lut/category/legacy"],
      "label": {
        "en": "Glam"
      },
      "tags": {},
      "meta": {
        "uri": "{{base_url}}/ly.img.filter.lut/LUTs/imgly_lut_glam_5_5_128.png",
        "thumbUri": "{{base_url}}/ly.img.filter.lut/thumbnails/imgly_lut_glam.jpg",
        "horizontalTileCount": 5,
        "verticalTileCount": 5
      }
    },
    {
      "id": "//ly.img.cesdk.filters.lut/gobblin",
      "groups": ["//ly.img.cesdk.filters.lut/category/legacy"],
      "label": {
        "en": "Gobblin"
      },
      "tags": {},
      "meta": {
        "uri": "{{base_url}}/ly.img.filter.lut/LUTs/imgly_lut_gobblin_5_5_128.png",
        "thumbUri": "{{base_url}}/ly.img.filter.lut/thumbnails/imgly_lut_gobblin.jpg",
        "horizontalTileCount": 5,
        "verticalTileCount": 5
      }
    },
    {
      "id": "//ly.img.cesdk.filters.lut/highcontrast",
      "groups": ["//ly.img.cesdk.filters.lut/category/legacy"],
      "label": {
        "en": "Hicon"
      },
      "tags": {},
      "meta": {
        "uri": "{{base_url}}/ly.img.filter.lut/LUTs/imgly_lut_highcontrast_5_5_128.png",
        "thumbUri": "{{base_url}}/ly.img.filter.lut/thumbnails/imgly_lut_highcontrast.jpg",
        "horizontalTileCount": 5,
        "verticalTileCount": 5
      }
    },
    {
      "id": "//ly.img.cesdk.filters.lut/highcarb",
      "groups": ["//ly.img.cesdk.filters.lut/category/legacy"],
      "label": {
        "en": "High Carb"
      },
      "tags": {},
      "meta": {
        "uri": "{{base_url}}/ly.img.filter.lut/LUTs/imgly_lut_highcarb_5_5_128.png",
        "thumbUri": "{{base_url}}/ly.img.filter.lut/thumbnails/imgly_lut_highcarb.jpg",
        "horizontalTileCount": 5,
        "verticalTileCount": 5
      }
    },
    {
      "id": "//ly.img.cesdk.filters.lut/k1",
      "groups": ["//ly.img.cesdk.filters.lut/category/legacy"],
      "label": {
        "en": "K1"
      },
      "tags": {},
      "meta": {
        "uri": "{{base_url}}/ly.img.filter.lut/LUTs/imgly_lut_k1_5_5_128.png",
        "thumbUri": "{{base_url}}/ly.img.filter.lut/thumbnails/imgly_lut_k1.jpg",
        "horizontalTileCount": 5,
        "verticalTileCount": 5
      }
    },
    {
      "id": "//ly.img.cesdk.filters.lut/k6",
      "groups": ["//ly.img.cesdk.filters.lut/category/legacy"],
      "label": {
        "en": "K6"
      },
      "tags": {},
      "meta": {
        "uri": "{{base_url}}/ly.img.filter.lut/LUTs/imgly_lut_k6_5_5_128.png",
        "thumbUri": "{{base_url}}/ly.img.filter.lut/thumbnails/imgly_lut_k6.jpg",
        "horizontalTileCount": 5,
        "verticalTileCount": 5
      }
    },
    {
      "id": "//ly.img.cesdk.filters.lut/keen",
      "groups": ["//ly.img.cesdk.filters.lut/category/legacy"],
      "label": {
        "en": "Keen"
      },
      "tags": {},
      "meta": {
        "uri": "{{base_url}}/ly.img.filter.lut/LUTs/imgly_lut_keen_5_5_128.png",
        "thumbUri": "{{base_url}}/ly.img.filter.lut/thumbnails/imgly_lut_keen.jpg",
        "horizontalTileCount": 5,
        "verticalTileCount": 5
      }
    },
    {
      "id": "//ly.img.cesdk.filters.lut/lomo",
      "groups": ["//ly.img.cesdk.filters.lut/category/legacy"],
      "label": {
        "en": "Lomo"
      },
      "tags": {},
      "meta": {
        "uri": "{{base_url}}/ly.img.filter.lut/LUTs/imgly_lut_lomo_8_8_512.png",
        "thumbUri": "{{base_url}}/ly.img.filter.lut/thumbnails/imgly_lut_lomo.jpg",
        "horizontalTileCount": 8,
        "verticalTileCount": 8
      }
    },
    {
      "id": "//ly.img.cesdk.filters.lut/lomo100",
      "groups": ["//ly.img.cesdk.filters.lut/category/legacy"],
      "label": {
        "en": "Lomo 100"
      },
      "tags": {},
      "meta": {
        "uri": "{{base_url}}/ly.img.filter.lut/LUTs/imgly_lut_lomo100_5_5_128.png",
        "thumbUri": "{{base_url}}/ly.img.filter.lut/thumbnails/imgly_lut_lomo100.jpg",
        "horizontalTileCount": 5,
        "verticalTileCount": 5
      }
    },
    {
      "id": "//ly.img.cesdk.filters.lut/lucid",
      "groups": ["//ly.img.cesdk.filters.lut/category/legacy"],
      "label": {
        "en": "Lucid"
      },
      "tags": {},
      "meta": {
        "uri": "{{base_url}}/ly.img.filter.lut/LUTs/imgly_lut_lucid_5_5_128.png",
        "thumbUri": "{{base_url}}/ly.img.filter.lut/thumbnails/imgly_lut_lucid.jpg",
        "horizontalTileCount": 5,
        "verticalTileCount": 5
      }
    },
    {
      "id": "//ly.img.cesdk.filters.lut/mellow",
      "groups": ["//ly.img.cesdk.filters.lut/category/legacy"],
      "label": {
        "en": "Mellow"
      },
      "tags": {},
      "meta": {
        "uri": "{{base_url}}/ly.img.filter.lut/LUTs/imgly_lut_mellow_8_8_512.png",
        "thumbUri": "{{base_url}}/ly.img.filter.lut/thumbnails/imgly_lut_mellow.jpg",
        "horizontalTileCount": 8,
        "verticalTileCount": 8
      }
    },
    {
      "id": "//ly.img.cesdk.filters.lut/neat",
      "groups": ["//ly.img.cesdk.filters.lut/category/legacy"],
      "label": {
        "en": "Neat"
      },
      "tags": {},
      "meta": {
        "uri": "{{base_url}}/ly.img.filter.lut/LUTs/imgly_lut_neat_5_5_128.png",
        "thumbUri": "{{base_url}}/ly.img.filter.lut/thumbnails/imgly_lut_neat.jpg",
        "horizontalTileCount": 5,
        "verticalTileCount": 5
      }
    },
    {
      "id": "//ly.img.cesdk.filters.lut/pale",
      "groups": ["//ly.img.cesdk.filters.lut/category/legacy"],
      "label": {
        "en": "Pale"
      },
      "tags": {},
      "meta": {
        "uri": "{{base_url}}/ly.img.filter.lut/LUTs/imgly_lut_pale_5_5_128.png",
        "thumbUri": "{{base_url}}/ly.img.filter.lut/thumbnails/imgly_lut_pale.jpg",
        "horizontalTileCount": 5,
        "verticalTileCount": 5
      }
    },
    {
      "id": "//ly.img.cesdk.filters.lut/pitched",
      "groups": ["//ly.img.cesdk.filters.lut/category/legacy"],
      "label": {
        "en": "Pitched"
      },
      "tags": {},
      "meta": {
        "uri": "{{base_url}}/ly.img.filter.lut/LUTs/imgly_lut_pitched_5_5_128.png",
        "thumbUri": "{{base_url}}/ly.img.filter.lut/thumbnails/imgly_lut_pitched.jpg",
        "horizontalTileCount": 5,
        "verticalTileCount": 5
      }
    },
    {
      "id": "//ly.img.cesdk.filters.lut/polasx",
      "groups": ["//ly.img.cesdk.filters.lut/category/legacy"],
      "label": {
        "en": "Pola SX"
      },
      "tags": {},
      "meta": {
        "uri": "{{base_url}}/ly.img.filter.lut/LUTs/imgly_lut_polasx_5_5_128.png",
        "thumbUri": "{{base_url}}/ly.img.filter.lut/thumbnails/imgly_lut_polasx.jpg",
        "horizontalTileCount": 5,
        "verticalTileCount": 5
      }
    },
    {
      "id": "//ly.img.cesdk.filters.lut/pro400",
      "groups": ["//ly.img.cesdk.filters.lut/category/legacy"],
      "label": {
        "en": "Pro 400"
      },
      "tags": {},
      "meta": {
        "uri": "{{base_url}}/ly.img.filter.lut/LUTs/imgly_lut_pro400_5_5_128.png",
        "thumbUri": "{{base_url}}/ly.img.filter.lut/thumbnails/imgly_lut_pro400.jpg",
        "horizontalTileCount": 5,
        "verticalTileCount": 5
      }
    },
    {
      "id": "//ly.img.cesdk.filters.lut/quozi",
      "groups": ["//ly.img.cesdk.filters.lut/category/legacy"],
      "label": {
        "en": "Quozi"
      },
      "tags": {},
      "meta": {
        "uri": "{{base_url}}/ly.img.filter.lut/LUTs/imgly_lut_quozi_5_5_128.png",
        "thumbUri": "{{base_url}}/ly.img.filter.lut/thumbnails/imgly_lut_quozi.jpg",
        "horizontalTileCount": 5,
        "verticalTileCount": 5
      }
    },
    {
      "id": "//ly.img.cesdk.filters.lut/settled",
      "groups": ["//ly.img.cesdk.filters.lut/category/legacy"],
      "label": {
        "en": "Settled"
      },
      "tags": {},
      "meta": {
        "uri": "{{base_url}}/ly.img.filter.lut/LUTs/imgly_lut_settled_5_5_128.png",
        "thumbUri": "{{base_url}}/ly.img.filter.lut/thumbnails/imgly_lut_settled.jpg",
        "horizontalTileCount": 5,
        "verticalTileCount": 5
      }
    },
    {
      "id": "//ly.img.cesdk.filters.lut/seventies",
      "groups": ["//ly.img.cesdk.filters.lut/category/legacy"],
      "label": {
        "en": "Seventies"
      },
      "tags": {},
      "meta": {
        "uri": "{{base_url}}/ly.img.filter.lut/LUTs/imgly_lut_seventies_5_5_128.png",
        "thumbUri": "{{base_url}}/ly.img.filter.lut/thumbnails/imgly_lut_seventies.jpg",
        "horizontalTileCount": 5,
        "verticalTileCount": 5
      }
    },
    {
      "id": "//ly.img.cesdk.filters.lut/soft",
      "groups": ["//ly.img.cesdk.filters.lut/category/legacy"],
      "label": {
        "en": "Soft"
      },
      "tags": {},
      "meta": {
        "uri": "{{base_url}}/ly.img.filter.lut/LUTs/imgly_lut_soft_5_5_128.png",
        "thumbUri": "{{base_url}}/ly.img.filter.lut/thumbnails/imgly_lut_soft.jpg",
        "horizontalTileCount": 5,
        "verticalTileCount": 5
      }
    },
    {
      "id": "//ly.img.cesdk.filters.lut/steel",
      "groups": ["//ly.img.cesdk.filters.lut/category/legacy"],
      "label": {
        "en": "Steel"
      },
      "tags": {},
      "meta": {
        "uri": "{{base_url}}/ly.img.filter.lut/LUTs/imgly_lut_steel_5_5_128.png",
        "thumbUri": "{{base_url}}/ly.img.filter.lut/thumbnails/imgly_lut_steel.jpg",
        "horizontalTileCount": 5,
        "verticalTileCount": 5
      }
    },
    {
      "id": "//ly.img.cesdk.filters.lut/summer",
      "groups": ["//ly.img.cesdk.filters.lut/category/legacy"],
      "label": {
        "en": "Summer"
      },
      "tags": {},
      "meta": {
        "uri": "{{base_url}}/ly.img.filter.lut/LUTs/imgly_lut_summer_5_5_128.png",
        "thumbUri": "{{base_url}}/ly.img.filter.lut/thumbnails/imgly_lut_summer.jpg",
        "horizontalTileCount": 5,
        "verticalTileCount": 5
      }
    },
    {
      "id": "//ly.img.cesdk.filters.lut/tender",
      "groups": ["//ly.img.cesdk.filters.lut/category/legacy"],
      "label": {
        "en": "Tender"
      },
      "tags": {},
      "meta": {
        "uri": "{{base_url}}/ly.img.filter.lut/LUTs/imgly_lut_tender_5_5_128.png",
        "thumbUri": "{{base_url}}/ly.img.filter.lut/thumbnails/imgly_lut_tender.jpg",
        "horizontalTileCount": 5,
        "verticalTileCount": 5
      }
    },
    {
      "id": "//ly.img.cesdk.filters.lut/twilight",
      "groups": ["//ly.img.cesdk.filters.lut/category/legacy"],
      "label": {
        "en": "Twilight"
      },
      "tags": {},
      "meta": {
        "uri": "{{base_url}}/ly.img.filter.lut/LUTs/imgly_lut_twilight_5_5_128.png",
        "thumbUri": "{{base_url}}/ly.img.filter.lut/thumbnails/imgly_lut_twilight.jpg",
        "horizontalTileCount": 5,
        "verticalTileCount": 5
      }
    }
  ]
}
