{
  "version": "2.0.0",
  "id": "ly.img.colors.defaultPalette",
  "assets": [
    {
      "id": "ly.img.colors.defaultPalette-white",
      "label": { "en": "#FFFFFF", "de": "#FFFFFF" },
      "tags": { "en": ["white"], "de": ["weiß"] },
      "payload": {
        "color": {
          "colorSpace": "sRGB",
          "r": 1,
          "g": 1,
          "b": 1
        }
      }
    },
    {
      "id": "ly.img.colors.defaultPalette-black",
      "label": { "en": "#000000", "de": "#000000" },
      "tags": { "en": ["black"], "de": ["schwarz"] },
      "payload": {
        "color": {
          "colorSpace": "sRGB",
          "r": 0,
          "g": 0,
          "b": 0
        }
      }
    },
    {
      "id": "ly.img.colors.defaultPalette-cornflower-blue",
      "label": { "en": "#6686FF", "de": "#6686FF" },
      "tags": { "en": ["cornflower blue"], "de": ["Kornblumenblau"] },
      "payload": {
        "color": {
          "colorSpace": "sRGB",
          "r": 0.4,
          "g": 0.5254901961,
          "b": 1
        }
      }
    },
    {
      "id": "ly.img.colors.defaultPalette-light-blue",
      "label": { "en": "#66CCFF", "de": "#66CCFF" },
      "tags": { "en": ["light blue"], "de": ["hellblau"] },
      "payload": {
        "color": {
          "colorSpace": "sRGB",
          "r": 0.4,
          "g": 0.8,
          "b": 1
        }
      }
    },
    {
      "id": "ly.img.colors.defaultPalette-turquoise",
      "label": { "en": "#54FFEA", "de": "#54FFEA" },
      "tags": { "en": ["turquoise"], "de": ["türkis"] },
      "payload": {
        "color": {
          "colorSpace": "sRGB",
          "r": 0.3294117647,
          "g": 1,
          "b": 0.9176470588
        }
      }
    },
    {
      "id": "ly.img.colors.defaultPalette-indian-red",
      "label": { "en": "#E75050", "de": "#E75050" },
      "tags": { "en": ["indian red"], "de": ["Nachsommerrot"] },
      "payload": {
        "color": {
          "colorSpace": "sRGB",
          "r": 0.9058823529,
          "g": 0.3137254902,
          "b": 0.3137254902
        }
      }
    },
    {
      "id": "ly.img.colors.defaultPalette-coral",
      "label": { "en": "#F28855", "de": "#F28855" },
      "tags": { "en": ["coral"], "de": ["Koralle"] },
      "payload": {
        "color": {
          "colorSpace": "sRGB",
          "r": 0.9490196078,
          "g": 0.5333333333,
          "b": 0.3333333333
        }
      }
    },
    {
      "id": "ly.img.colors.defaultPalette-khaki",
      "label": { "en": "#FFF763", "de": "#FFF763" },
      "tags": { "en": ["yellow"], "de": ["Gelb"] },
      "payload": {
        "color": {
          "colorSpace": "sRGB",
          "r": 1,
          "g": 0.968627451,
          "b": 0.3882352941
        }
      }
    }
  ]
}
