{
  "version": "2.0.0",
  "id": "ly.img.vectorpath",
  "assets": [
    {
      "id": "//ly.img.ubq/shapes/rect",
      "groups": ["//ly.img.cesdk.vectorpaths/category/vectorpaths"],
      "label": {
        "en": "Rectangle",
        "de": "Rechteck"
      },
      "tags": {},
      "meta": {
        "thumbUri": "{{base_url}}/ly.img.vectorpath/thumbnails/shapes/imgly_sticker_shapes_rect.png",
        "vectorPath": "M0 0 H49 V48 H0 Z",
        "kind": "shape",
        "shapeType": "//ly.img.ubq/shape/rect",
        "width": 48,
        "height": 48
      }
    },
    {
      "id": "//ly.img.ubq/shapes/line",
      "groups": ["//ly.img.cesdk.vectorpaths/category/vectorpaths"],
      "label": {
        "en": "Line",
        "de": "Linie"
      },
      "tags": {},
      "meta": {
        "thumbUri": "{{base_url}}/ly.img.vectorpath/thumbnails/shapes/imgly_sticker_shapes_line.png",
        "vectorPath": "M 0.46601942,2.5631068 2.5631068,0.40776699 48.563819,45.433327 46.463094,47.534052 Z",
        "kind": "shape",
        "shapeType": "//ly.img.ubq/shape/line",
        "width": 48,
        "height": 48
      }
    },
    {
      "id": "//ly.img.ubq/shapes/star",
      "groups": ["//ly.img.cesdk.vectorpaths/category/vectorpaths"],
      "label": {
        "en": "Star",
        "de": "Stern"
      },
      "tags": {},
      "meta": {
        "thumbUri": "{{base_url}}/ly.img.vectorpath/thumbnails/shapes/imgly_sticker_shapes_star.png",
        "vectorPath": "M 39.711903,46.387704 24.668153,38.563606 9.6943185,46.520692 12.486703,29.795456 0.29189577,18.013368 17.061434,15.500702 24.498463,0.26188542 32.070223,15.434208 48.861367,17.798189 36.771434,29.687866 Z",
        "kind": "shape",
        "shapeType": "//ly.img.ubq/shape/star",
        "width": 48,
        "height": 48
      }
    },
    {
      "id": "//ly.img.ubq/shapes/polygon",
      "groups": ["//ly.img.cesdk.vectorpaths/category/vectorpaths"],
      "label": {
        "en": "Polygon",
        "de": "Mehreck"
      },
      "tags": {},
      "meta": {
        "thumbUri": "{{base_url}}/ly.img.vectorpath/thumbnails/shapes/imgly_sticker_shapes_polygon.png",
        "vectorPath": "M 1.72,19.78 25,2.86 48.28,19.78 39.4,47.14 H 10.6 Z",
        "kind": "shape",
        "shapeType": "//ly.img.ubq/shape/polygon",
        "width": 48,
        "height": 48
      }
    },
    {
      "id": "//ly.img.ubq/shapes/ellipse",
      "groups": ["//ly.img.cesdk.vectorpaths/category/vectorpaths"],
      "label": {
        "en": "Ellipse",
        "de": "Ellipse"
      },
      "tags": {},
      "meta": {
        "thumbUri": "{{base_url}}/ly.img.vectorpath/thumbnails/shapes/imgly_sticker_shapes_ellipse.png",
        "vectorPath": "M 24.514851,0.15762151 C 17.313087,0.1706061 10.492185,3.3604477 5.9098221,8.8583909 h -0.00208 C 5.8049221,8.9681634 5.7874174,9.0285573 5.6953768,9.1406562 2.2472747,13.373786 0.3592754,18.64301 0.34247093,24.080101 0.34328511,37.29065 11.165151,47.999715 24.514851,48.000522 37.865365,48.000854 48.688502,37.291456 48.689316,24.080101 48.689651,10.867942 37.866178,0.15728921 24.514851,0.15762151 Z",
        "kind": "shape",
        "shapeType": "//ly.img.ubq/shape/ellipse",
        "width": 48,
        "height": 48
      }
    },
    {
      "id": "//ly.img.cesdk.vectorpaths/arrow1",
      "groups": ["//ly.img.cesdk.vectorpaths/category/vectorpaths"],
      "label": {
        "en": "Arrow to the right",
        "de": "Pfeil nach rechts"
      },
      "tags": {},
      "meta": {
        "thumbUri": "{{base_url}}/ly.img.vectorpath/thumbnails/shapes/imgly_sticker_shapes_arrow01.png",
        "vectorPath": "M 99.84,30.94 L68.9,0 46.61,0 69.12,22.52 0,22.52 0,39.35 69.12,39.35 46.61,61.87 68.9,61.87 99.84,30.94",
        "kind": "shape",
        "shapeType": "//ly.img.ubq/shape/vector_path",
        "width": 100,
        "height": 62
      }
    },
    {
      "id": "//ly.img.cesdk.vectorpaths/arrow2",
      "groups": ["//ly.img.cesdk.vectorpaths/category/vectorpaths"],
      "label": {
        "en": "Arrow to the right with a wide end on the left side",
        "de": "Pfeil nach rechts mit einem breiten Ende auf der linken Seite"
      },
      "tags": {},
      "meta": {
        "thumbUri": "{{base_url}}/ly.img.vectorpath/thumbnails/shapes/imgly_sticker_shapes_arrow02.png",
        "vectorPath": "M 99.84,35.68 L60.71,71.07 60.71,54.39 0,71.36 0,0 60.71,16.97 60.71,0.2828 99.84,35.68",
        "kind": "shape",
        "shapeType": "//ly.img.ubq/shape/vector_path",
        "width": 100,
        "height": 72
      }
    },
    {
      "id": "//ly.img.cesdk.vectorpaths/arrow3",
      "groups": ["//ly.img.cesdk.vectorpaths/category/vectorpaths"],
      "label": {
        "en": "Arrow to the right with rounded corners",
        "de": "Pfeil nach rechts mit abgerundeten Ecken"
      },
      "tags": {},
      "meta": {
        "thumbUri": "{{base_url}}/ly.img.vectorpath/thumbnails/shapes/imgly_sticker_shapes_arrow03.png",
        "vectorPath": "M 6.005859375 44.296875 h 71.005859375 L 54.98046875 66.318359375 c -2.34375 2.34375 -2.34375 6.15234375 0.0 8.49609375 c 2.34375 2.34375 6.15234375 2.34375 8.49609375 0.0 l 30.52734375 -30.517578125 l 6.005859375 -6.005859375 l -6.005859375 -6.005859375 L 63.466796875 1.7578125 c -1.171875 -1.171875 -2.705078125 -1.7578125 -4.248046875 -1.7578125 C 57.685546875 0.0 56.15234375 0.5859375 54.98046875 1.7578125 c -2.34375 2.34375 -2.34375 6.15234375 0.0 8.49609375 l 22.03125 22.03125 H 6.005859375 c -3.3203125 0.0 -6.005859375 2.6953125 -6.005859375 6.005859375 C 0.0 41.6015625 2.685546875 44.296875 6.005859375 44.296875 z",
        "kind": "shape",
        "shapeType": "//ly.img.ubq/shape/vector_path",
        "width": 100,
        "height": 77
      }
    },
    {
      "id": "//ly.img.cesdk.vectorpaths/arrow4",
      "groups": ["//ly.img.cesdk.vectorpaths/category/vectorpaths"],
      "label": {
        "en": "Arrow to the right with fletching on the left side",
        "de": "Pfeil nach rechts mit Befiederung am linken Ende"
      },
      "tags": {},
      "meta": {
        "thumbUri": "{{base_url}}/ly.img.vectorpath/thumbnails/shapes/imgly_sticker_shapes_arrow04.png",
        "vectorPath": "M 82.71 0.0 L 75.77 5.88 83.23 13.34 29.33 13.34 23.17 5.62 0.0 5.62 9.13 17.29 0.0 28.97 23.17 28.97 29.33 21.25 83.23 21.25 75.77 28.71 82.71 34.59 100.0 17.29z",
        "kind": "shape",
        "shapeType": "//ly.img.ubq/shape/vector_path",
        "width": 100,
        "height": 35
      }
    },
    {
      "id": "//ly.img.cesdk.vectorpaths/arrow5",
      "groups": ["//ly.img.cesdk.vectorpaths/category/vectorpaths"],
      "label": {
        "en": "Arrow to the right with a wide shaft",
        "de": "Pfeil nach rechts mit einem breiten Schaft"
      },
      "tags": {},
      "meta": {
        "thumbUri": "{{base_url}}/ly.img.vectorpath/thumbnails/shapes/imgly_sticker_shapes_arrow05.png",
        "vectorPath": "M 100.0 30.49 L 54.88 0.0 54.88 15.85 0.0 15.85 0.0 45.12 54.88 45.12 54.88 60.98 100.0 30.49",
        "kind": "shape",
        "shapeType": "//ly.img.ubq/shape/vector_path",
        "width": 100,
        "height": 61
      }
    },
    {
      "id": "//ly.img.cesdk.vectorpaths/badge",
      "groups": ["//ly.img.cesdk.vectorpaths/category/vectorpaths"],
      "label": {
        "en": "Badge",
        "de": "Abzeichen"
      },
      "tags": {},
      "meta": {
        "thumbUri": "{{base_url}}/ly.img.vectorpath/thumbnails/shapes/imgly_sticker_shapes_badge.png",
        "vectorPath": "M 49.92,6.494 L54.29,0 57.46,7.147 62.89,1.521 64.77,9.107 71.1,4.505 71.63,12.3 78.66,8.873 77.83,16.65 85.35,14.49 83.19,22.01 90.97,21.18 87.54,28.21 95.34,28.74 90.73,35.07 98.32,36.95 92.69,42.38 99.84,45.55 93.35,49.92 99.84,54.29 92.69,57.46 98.32,62.89 90.73,64.77 95.34,71.1 87.54,71.63 90.97,78.66 83.19,77.83 85.35,85.35 77.83,83.19 78.66,90.97 71.63,87.54 71.1,95.34 64.77,90.73 62.89,98.32 57.46,92.69 54.29,99.84 49.92,93.35 45.55,99.84 42.38,92.69 36.95,98.32 35.07,90.73 28.74,95.34 28.21,87.54 21.18,90.97 22.01,83.19 14.49,85.35 16.65,77.83 8.873,78.66 12.3,71.63 4.505,71.1 9.107,64.77 1.521,62.89 7.147,57.46 0,54.29 6.494,49.92 0,45.55 7.147,42.38 1.521,36.95 9.107,35.07 4.505,28.74 12.3,28.21 8.873,21.18 16.65,22.01 14.49,14.49 22.01,16.65 21.18,8.873 28.21,12.3 28.74,4.505 35.07,9.107 36.95,1.521 42.38,7.147 45.55,0z",
        "kind": "shape",
        "shapeType": "//ly.img.ubq/shape/vector_path",
        "width": 100,
        "height": 100
      }
    },
    {
      "id": "//ly.img.cesdk.vectorpaths.abstract/frame",
      "groups": ["//ly.img.cesdk.vectorpaths.abstract/category/abstract"],
      "label": {
        "en": "Frame",
        "de": "Rahmen"
      },
      "tags": {},
      "meta": {
        "thumbUri": "{{base_url}}/ly.img.vectorpath/thumbnails/abstract/frame.png",
        "vectorPath": "M0 0v93.35h66V0Zm62.44 62.61H16.33A12.76 12.76 0 0 1 3.56 49.85V3.74h58.88Z",
        "kind": "shape",
        "shapeType": "//ly.img.ubq/shape/vector_path",
        "width": 66,
        "height": 93
      }
    },
    {
      "id": "//ly.img.cesdk.vectorpaths.abstract/halfcircle",
      "groups": ["//ly.img.cesdk.vectorpaths.abstract/category/abstract"],
      "label": {
        "en": "Half Circle",
        "de": "Halbkreis"
      },
      "tags": {},
      "meta": {
        "thumbUri": "{{base_url}}/ly.img.vectorpath/thumbnails/abstract/halfcircle.png",
        "vectorPath": "M44.75 0A44.76 44.76 0 0 0 0 44.75h89.5A44.75 44.75 0 0 0 44.75 0Z",
        "kind": "shape",
        "shapeType": "//ly.img.ubq/shape/vector_path",
        "width": 89,
        "height": 44
      }
    },
    {
      "id": "//ly.img.cesdk.vectorpaths.abstract/organic1",
      "groups": ["//ly.img.cesdk.vectorpaths.abstract/category/abstract"],
      "label": {
        "en": "Organic 1",
        "de": "Organisch 1"
      },
      "tags": {},
      "meta": {
        "thumbUri": "{{base_url}}/ly.img.vectorpath/thumbnails/abstract/organic1.png",
        "vectorPath": "M23.94 56.54c3.82-.06 7.68-.68 11.38.24 4.41 1.09 8 4.23 12.23 5.93 6.15 2.48 12.88 1.64 19.15.15 5.09-1.21 11.58-1.61 15.72-5.13 2.42-2.07 3.77-5.08 5.58-7.73 6.24-9.32 10.83-19.42-1.64-25.72-3.34-1.68-7-2.66-10.14-4.77-4.22-2.85-7.12-7.68-11.91-9.35-2-.69-4.13-.79-6-1.76-2.55-1.4-4.03-4.16-6.38-5.89C49.1.42 45.36.14 41.84 0 36-.19 33.23 1.59 28.22 3.52s-10 1-13.56 5.89c-1.4 1.9-1.83 4.33-2.78 6.49-1.29 2.94-3.51 5.34-5.48 7.88C3.15 28 .49 32.88.06 38.19-1 51 12.31 56.47 23.16 56.54Z",
        "kind": "shape",
        "shapeType": "//ly.img.ubq/shape/vector_path",
        "width": 94,
        "height": 64
      }
    },
    {
      "id": "//ly.img.cesdk.vectorpaths.abstract/organic2",
      "groups": ["//ly.img.cesdk.vectorpaths.abstract/category/abstract"],
      "label": {
        "en": "Organic 2",
        "de": "Organisch 2"
      },
      "tags": {},
      "meta": {
        "thumbUri": "{{base_url}}/ly.img.vectorpath/thumbnails/abstract/organic2.png",
        "vectorPath": "m25.61 13 .28-.24c4.05-3.43 6.91-7.68 11.47-10.7a11.23 11.23 0 0 1 4.43-2 13.4 13.4 0 0 1 4.9.54 124.72 124.72 0 0 0 21.23 3c4.9.26 12.84-1.15 16.51 3.11 2.66 3.1 1.4 7.92 2.44 11.58 1.38 4.82 5.23 8.25 5.84 13.36 1.12 9.23-.38 19.31-6.67 26.51-6.42 7.36-12.63 21-21.79 25-7 3-15.12 0-21.54-4.1S30.37 69.67 23 67.68c-4.6-1.25-9.5-1.12-14.06-2.53s-9-5.09-9-9.86c0-4 3.16-7.22 6.37-9.57S18.75 39.51 16 34.08c-1.1-2.22-3.38-3.71-4.32-6a6 6 0 0 1 1.69-6.77c3.85-3.16 8.51-5.26 12.24-8.31Z",
        "kind": "shape",
        "shapeType": "//ly.img.ubq/shape/vector_path",
        "width": 93,
        "height": 84
      }
    },
    {
      "id": "//ly.img.cesdk.vectorpaths.abstract/organic3",
      "groups": ["//ly.img.cesdk.vectorpaths.abstract/category/abstract"],
      "label": {
        "en": "Organic 3",
        "de": "Organisch 3"
      },
      "tags": {},
      "meta": {
        "thumbUri": "{{base_url}}/ly.img.vectorpath/thumbnails/abstract/organic3.png",
        "vectorPath": "M21.39 79.63c10.64 4.05 19.14 4.68 30.1 6.06 7.42.94 16.08 1.46 21.21-4 3.85-4.09 4.36-10.27 7.23-15.1 2.14-3.6 5.58-6.42 7.15-10.3 2.55-6.31-.58-12.15-1.21-18.4-.53-5.21 1.41-10.86.69-15.64C85.09 12.53 75.73 1.1 65.43.1 53.81-1 46.79 8 37.87 13.4c-8.66 5.23-21.18 6.82-27.3 15.6C6.55 34.74 6.83 42.45 4 48.85c-1.24 2.66-3 5.09-3.67 7.91C-.92 61.83 1.5 67.27 5.25 70.9s8.67 5.79 13.53 7.71Z",
        "kind": "shape",
        "shapeType": "//ly.img.ubq/shape/vector_path",
        "width": 88,
        "height": 86
      }
    },
    {
      "id": "//ly.img.cesdk.vectorpaths.abstract/organic4",
      "groups": ["//ly.img.cesdk.vectorpaths.abstract/category/abstract"],
      "label": {
        "en": "Organic 4",
        "de": "Organisch 4"
      },
      "tags": {},
      "meta": {
        "thumbUri": "{{base_url}}/ly.img.vectorpath/thumbnails/abstract/organic4.png",
        "vectorPath": "M24.55 55.21c.89 1.21 1.8 2.39 2.78 3.52 2.83 3.32 5.93 6.64 10 8.29 7.45 3 17 0 23.25 5.06 3.51 2.86 6.41 8.3 10.79 7.12a7.31 7.31 0 0 0 3-1.9c7.82-7.42 8.79-20.92 2.13-29.39-8.3-10.51-6.65-23.62-18.82-31.45C47.61 10 29.15-1.26 17.15.12c-6.47.74-11.68 3-14.34 9.26-1.59 3.75-3 7.73-2.79 11.8.32 7.44 7.55 10 11.73 15C16.42 41.89 20 49 24.55 55.21Z",
        "kind": "shape",
        "shapeType": "//ly.img.ubq/shape/vector_path",
        "width": 80,
        "height": 79
      }
    },
    {
      "id": "//ly.img.cesdk.vectorpaths.abstract/organicdot1",
      "groups": ["//ly.img.cesdk.vectorpaths.abstract/category/abstract"],
      "label": {
        "en": "Organic Dot 1",
        "de": "Organischer Punkt 1"
      },
      "tags": {},
      "meta": {
        "thumbUri": "{{base_url}}/ly.img.vectorpath/thumbnails/abstract/organicdot1.png",
        "vectorPath": "M84.49 27.67c-1.25-3.44-4.06-5.94-7.56-7.72a14.7 14.7 0 0 0-4.41-5C56.53 3 36.51-1.1 16.89.24 7.55.87-5.56 8.74 2.53 19.08 16.93 37.51 42 45.63 64.87 43.54c1.06-.1 2.13-.19 3.22-.35 7.28-1 20.02-5.75 16.4-15.52Z",
        "kind": "shape",
        "shapeType": "//ly.img.ubq/shape/vector_path",
        "width": 85,
        "height": 43
      }
    },
    {
      "id": "//ly.img.cesdk.vectorpaths.abstract/organicdot2",
      "groups": ["//ly.img.cesdk.vectorpaths.abstract/category/abstract"],
      "label": {
        "en": "Organic Dot 2",
        "de": "Organischer Punkt 2"
      },
      "tags": {},
      "meta": {
        "thumbUri": "{{base_url}}/ly.img.vectorpath/thumbnails/abstract/organicdot2.png",
        "vectorPath": "M45.23 1.27C37.75-2.34 30.4 2.3 25 8.14c-7.28 4-12.63 12.55-15.6 19.55q-3.61 8.37-7.16 16.75C-.93 51.87-2 65.73 7.68 68.73 17.82 71.91 27.15 61 31.76 53.61l14-22.52c3.07-4.91 5.33-12 5.15-17.9-.14-3.97-1.58-9.94-5.68-11.92Z",
        "kind": "shape",
        "shapeType": "//ly.img.ubq/shape/vector_path",
        "width": 50,
        "height": 69
      }
    },
    {
      "id": "//ly.img.cesdk.vectorpaths.abstract/quartercircle",
      "groups": ["//ly.img.cesdk.vectorpaths.abstract/category/abstract"],
      "label": {
        "en": "Quarter Circle",
        "de": "Viertelkreis"
      },
      "tags": {},
      "meta": {
        "thumbUri": "{{base_url}}/ly.img.vectorpath/thumbnails/abstract/quartercircle.png",
        "vectorPath": "M91.4 0A91.4 91.4 0 0 0 0 91.4h91.4Z",
        "kind": "shape",
        "shapeType": "//ly.img.ubq/shape/vector_path",
        "width": 91,
        "height": 91
      }
    },
    {
      "id": "//ly.img.cesdk.vectorpaths.abstract/quartercircle-outline",
      "groups": ["//ly.img.cesdk.vectorpaths.abstract/category/abstract"],
      "label": {
        "en": "Quarter Circle Outline",
        "de": "Viertelkreis Kontur"
      },
      "tags": {},
      "meta": {
        "thumbUri": "{{base_url}}/ly.img.vectorpath/thumbnails/abstract/quartercircle-outline.png",
        "vectorPath": "M90.67 2.54V0C40.58 0 0 41 0 91.51h2.52c0-49.05 39.55-88.97 88.15-88.97Z",
        "kind": "shape",
        "shapeType": "//ly.img.ubq/shape/vector_path",
        "width": 90,
        "height": 91
      }
    },
    {
      "id": "//ly.img.cesdk.vectorpaths.abstract/rectanglemask",
      "groups": ["//ly.img.cesdk.vectorpaths.abstract/category/abstract"],
      "label": {
        "en": "Rectangle Mask",
        "de": "Rechteck Maske"
      },
      "tags": {},
      "meta": {
        "thumbUri": "{{base_url}}/ly.img.vectorpath/thumbnails/abstract/rectanglemask.png",
        "vectorPath": "M0 0v70.52h99.73V0Zm49.86 59.47L25.65 35.26l24.21-24.21 24.21 24.21Z",
        "kind": "shape",
        "shapeType": "//ly.img.ubq/shape/vector_path",
        "width": 99,
        "height": 70
      }
    },
    {
      "id": "//ly.img.cesdk.vectorpaths.abstract/roundmask",
      "groups": ["//ly.img.cesdk.vectorpaths.abstract/category/abstract"],
      "label": {
        "en": "Round Mask",
        "de": "Runde Maske"
      },
      "tags": {},
      "meta": {
        "thumbUri": "{{base_url}}/ly.img.vectorpath/thumbnails/abstract/roundmask.png",
        "vectorPath": "M0 0v70.45h99.63V0Zm49.81 57.44A22.22 22.22 0 1 1 72 35.22a22.21 22.21 0 0 1-22.19 22.22Z",
        "kind": "shape",
        "shapeType": "//ly.img.ubq/shape/vector_path",
        "width": 99,
        "height": 70
      }
    },
    {
      "id": "//ly.img.cesdk.vectorpaths.abstract/splash1",
      "groups": ["//ly.img.cesdk.vectorpaths.abstract/category/abstract"],
      "label": {
        "en": "Splash 1",
        "de": "Spritzer 1"
      },
      "tags": {},
      "meta": {
        "thumbUri": "{{base_url}}/ly.img.vectorpath/thumbnails/abstract/splash1.png",
        "vectorPath": "M76.27 53.83a7 7 0 0 1-.07.8 11.31 11.31 0 0 1-.28 1.61c-.12.52-.3 1-.47 1.58a11.52 11.52 0 0 1-.66 1.47c-.25.48-.5.91-.77 1.33a14.45 14.45 0 0 1-3.43 3.61 16.73 16.73 0 0 1-3 1.8A19.3 19.3 0 0 1 65 67a29.53 29.53 0 0 1-4.56 1c-.75.1-1.55.2-2.38.25h-2l-.3.07a4 4 0 0 1-2.43.38 1.88 1.88 0 0 0-.33 0l-.5 1-.23.48-3 6.36-.35.27c-.22.18-.45.35-.7.53-.45.33-.88.65-1.3.93-1.68 1.12-3.08 1.75-4.09 1.5a9.23 9.23 0 0 1-4-.5c-1.2-.6-2.23-1.81-3-4.41l-1.07.55a9.68 9.68 0 0 0-1.28 2c0-.4.07-.82.12-1.22-1.28 1-2.75 2.68-4.28 6.44-.08-1.58-.13-3.24-.15-4.94v-.4c-.33 0-.58-.25-.78-.8-.6-2-.35-6.37.25-11.78.08-.73.18-1.45.25-2.2-2.33 3.2-3.81 4.46-2.88.57.95-3.15-1.83.48-3.21 1.56-1.75 2.08.5-3.79-3.45 2.73a62.16 62.16 0 0 0 3.5-10.6 8.1 8.1 0 0 0 .18-1.83l-.48.88c-.32 0-.12-.71.23-1.56-.25-.17-.73 0-1.4.7.4-1 .95-1.72 1.3-2.8a16.76 16.76 0 0 1-1.68 2.5c-.1.52-.3 1.25-.13 1.4-.95 1.1-.87-.06-.77-1.06a25.72 25.72 0 0 1-1.91 2.76l1.06-2.13a5.23 5.23 0 0 1-1.53.87c-.63 1.06-1.16 1.88-1.53 1.56a8.8 8.8 0 0 0 1.08-1.43l-.45.07c-1.26.13-2.16-.42-3.79.28-1 .78-1.43.22-1.93-.15s-1.17-.58-3.25.65c-.68.68.22-2.61-.83-2.38-.38.3-.75.6-1.15.9s-.78.55-1.18.85a3.37 3.37 0 0 0-.33-.32L4 56.24a2.86 2.86 0 0 0-.4-.28l-.46-.3-.45-.3a5.74 5.74 0 0 0-.48-.36c-.15-.13-.3-.23-.45-.35s-.3-.28-.45-.43a5.1 5.1 0 0 1-.76-1 4.77 4.77 0 0 1-.27-.56 4.08 4.08 0 0 1-.2-.62 4.34 4.34 0 0 1 .5-3 10.15 10.15 0 0 0 .48-2.68 14.51 14.51 0 0 0-.15-2c-.06-.31-.08-.63-.11-.93a5.42 5.42 0 0 1 0-.9 2.84 2.84 0 0 1 .23-.91 3.36 3.36 0 0 1 .55-.9 5 5 0 0 0 1.1-2.5A9.72 9.72 0 0 0 2.83 37 6.26 6.26 0 0 1 3 35.89 2.65 2.65 0 0 1 4.46 34a4.22 4.22 0 0 1 1.71-.4 11.42 11.42 0 0 1 2.6.17c.53.1.65-.05.65-.25s-.07-.45.08-.6c1 .25 2 .55 3 .9.1-.1-.9-.7-1.9-1.35S8.65 31.16 8.8 31c.35-.15.65-.32.95-.48s.6-.32.93-.45a3.36 3.36 0 0 1 2.25-.17 9.25 9.25 0 0 1 3.43 1.9c.43.35.91.75 1.41 1.23.07-.23.2-.45.32-.73l-3-3.85A30.31 30.31 0 0 0 17.64 31a6.61 6.61 0 0 1 .73.75c.22-.4.48-.88.83-1.43.87-.12.12 1.48-.05 2.43l1.22 1.63c.12.43-.38-.15-.9-.72l-.15-.15-.48.65c.48.47 1 1 1.5 1.6l.15-.15h.05l-.08.07-.1.1c.08-.07.13-.15.2-.22l.1-.1a37 37 0 0 1 2.48-5.89 11.86 11.86 0 0 0 4.49-5c1.2-2.28 1.9-3.61 3.38-6.21.73-1.76 1.23-3.46 1.83-5.26l-.25.2.15-.4.1.12a37.66 37.66 0 0 1 3.43-7.52A13.84 13.84 0 0 1 37.59 4a19.74 19.74 0 0 1 2.25-2.43.35.35 0 0 1 0 .08c1.23-1.18 2.21-2 2-1.53a21.32 21.32 0 0 1-1.18 4.08l.23-.2c0 1.4-1.52 4.28-2.85 6.94l.35-.51.57-.15.63-.85a7.14 7.14 0 0 1-.45.8h.08c-.13.17-.26.38-.41.6l-.52.85a3.42 3.42 0 0 0-.43 1l1.31-1.4-.81 2c.5 0 .58.87.6 1.7.63-.43.88-.15 1.21.2a12.49 12.49 0 0 1-1.43 1.58c-.08.2-.15.4-.25.63.3-.41.63-.83 1-1.28a7.91 7.91 0 0 0-.3.9c.1-.28.2-.6.3-.9a3.09 3.09 0 0 1 1.6-.93 1.22 1.22 0 0 1 .91.35 2.4 2.4 0 0 0 .9.63c.2-.43.4-.85.63-1.31l-.31.81 1.93-2.41-.37.9c-.2.5-.38 1-.53 1.38 1.93-3 1.45.48 2.56 0a11.35 11.35 0 0 1-1.21 2.51 3.86 3.86 0 0 1 .18 1.35 5.92 5.92 0 0 1 .65.1c-.47-.48-1.25-.73 1.4-4.53a13.56 13.56 0 0 0-.95 2.63 10.93 10.93 0 0 0-.32 2.1c0 .33 0 .63-.05.95A18.07 18.07 0 0 0 47.76 19c-.15.37-.3.75-.45 1.15a24.75 24.75 0 0 0 4.48-5.91c-.47 1.58-1 3.26-1.6 5 .18 0 .25.26.18.78a17.35 17.35 0 0 1-.63 2.28 7.18 7.18 0 0 0 .85-.7 1.22 1.22 0 0 1 1.23-.25 2.41 2.41 0 0 1 .83.8 6.14 6.14 0 0 0 .4.53 1.77 1.77 0 0 0 .45.42 1.12 1.12 0 0 0 1.17.13 2.72 2.72 0 0 1 .66 1 12.52 12.52 0 0 1 .52 1.32c0 .18.13.35.2.53v-.15c1-.9 1.58-.73 2-.2a10.7 10.7 0 0 1 1.11 2.5l.07.15a13.32 13.32 0 0 0 2.63-4.08c.4-.85.73-1.18.88-.75a11.54 11.54 0 0 1 0 3.63A50.78 50.78 0 0 1 65.15 21c.07-.15.15-.3.22-.42V20.43c-2.3 12.1 4.96-24.83-4.11 21.27a3.6 3.6 0 0 0 1.56-.47c-.18 1.05-.83 1.78-.88 3 1.63-2.66 2.33-2.91 2.46-1.68a2.18 2.18 0 0 0 .27-.15 6 6 0 0 1 .63-.3 5.09 5.09 0 0 1 .55-.86A6.05 6.05 0 0 1 68 39.47l-.5 1.56c-.07.25-.17.5-.25.75a3 3 0 0 1 .5 0 7.24 7.24 0 0 1 2.31.75 10.27 10.27 0 0 1 2.88 2.21 10.63 10.63 0 0 1 1.43 1.93 11.8 11.8 0 0 1 1.13 2.43l.1.32.1.3.15.6c.1.38.17.86.25 1.31 0 .22.05.45.07.7a6.27 6.27 0 0 1 0 .75 2.1 2.1 0 0 1 .1.75ZM18 37.85Zm8.79 5.63.05.05ZM37.31 13l-.47.58c-.26.57-.48 1.17-.71 1.75a13.62 13.62 0 0 1 1.23-1.38 3.27 3.27 0 0 1-.05-.95Zm.18-.9-.38.78.25-.36a2.3 2.3 0 0 0 .13-.43Z",
        "kind": "shape",
        "shapeType": "//ly.img.ubq/shape/vector_path",
        "width": 76,
        "height": 82
      }
    },
    {
      "id": "//ly.img.cesdk.vectorpaths.abstract/splash2",
      "groups": ["//ly.img.cesdk.vectorpaths.abstract/category/abstract"],
      "label": {
        "en": "Splash 2",
        "de": "Spritzer 2"
      },
      "tags": {},
      "meta": {
        "thumbUri": "{{base_url}}/ly.img.vectorpath/thumbnails/abstract/splash2.png",
        "vectorPath": "M77.07 46.94c.23 1.57.33 2.77 0 2.4a17.28 17.28 0 0 1-2.92-2.77c0 .08.07.18.09.27-1.3-.59-2.9-3.17-4.4-5.46a5.11 5.11 0 0 1 .21.52l-.27.56.35.92c-.17-.27-.31-.5-.44-.73v.08c-.08-.17-.17-.39-.27-.62s-.29-.57-.4-.82a2 2 0 0 0-.64-.81l.37 1.73-2.54-3.06a6.12 6.12 0 0 1 2.27.64c-.06-.21-.12-.41-.21-.66-1-1.21-1.91-2.4-2.85-3.44a19.71 19.71 0 0 0-3.3-3c-.39-.48-.18 1 .09 2.9a22.94 22.94 0 0 1 .89 2.25c.63.17 1.25.36 1.88.52.92 2.71.25 2.86-.65 3.09-.56-1.52-.06-1.82-1.08-3.17.21.62.46 1.33.73 2.19-.21-.23-.4-.46-.6-.67l.6.67c.15 1.81-.52 2.21-1.31 2.48a4.12 4.12 0 0 0-1.3.54c.23.35.48.73.73 1.13l-.54-.62.75 2.75-.48-.66a12.62 12.62 0 0 0-.93-1.11c1.31 3-1.65 1.11-2.17 2.31A7.54 7.54 0 0 1 57 44c1.41 1.84.94.11 1-.66h-.19c-1 .21-1.77 1.27-2.56 1.81.89-.23 1.73-.83 3.12 3.23-1.81-2.83-3.64-3.21-5.66-4.46a3 3 0 0 1-.69.5l.43.92a1.68 1.68 0 0 0 .84.31c-.33.23-1-.25-1.75-1l-.34.19c-.75.48-1.43 1.23-1.54 3.27-.31 1.3-1.35 1.52-2.54 1.71s-2.44.34-3.13 1.48a8.72 8.72 0 0 1-3.4.06c-.22 0-.45 0-.68-.08a.22.22 0 0 1 .1.11 2.34 2.34 0 0 1-2.13 2.08 10.08 10.08 0 0 1-2.43-.08l-.25.39a1.13 1.13 0 0 1-1.28 1v.09a11.06 11.06 0 0 0 0 1.48c0 .27.06.56.1.85a6.67 6.67 0 0 0 .17.94 2.24 2.24 0 0 1 .06 1 .3.3 0 0 1-.4.25 1 1 0 0 1-.37-.21 5.74 5.74 0 0 1-.52-.46 8.54 8.54 0 0 1-.67-.73c-.21-.23-.44-.52-.69-.81v.1c.27.52.54 1 .79 1.44s.57 1 .82 1.42c.12.19.25.4.39.58l.19.27-.44-.62c-.18-.25-.35-.5-.54-.75s-.17-.23-.23-.34l-.21-.29c-.23-.33-.48-.66-.73-1q0 .38.09.81a25.78 25.78 0 0 0-7.47-8.29 6.68 6.68 0 0 0-2.2-.94l.25.9c-.71.33-1.26-.15-1.73-.9a3.05 3.05 0 0 0-2 1.81c-.54-.83-.47-1.75-1.25-2.6.28 2 .17 2.85-.2 3-.17.06-.42 0-.71-.27a1.32 1.32 0 0 1-.15.29 7.24 7.24 0 0 1-.67.69 3.09 3.09 0 0 1-.06 1A5.63 5.63 0 0 1 14 56.11c-.2-.48-.37-1-.56-1.43-.08-.23-.17-.46-.25-.71a4.12 4.12 0 0 1-.75.18 8.62 8.62 0 0 1-1.79.19 4.78 4.78 0 0 1-.54 0 2.91 2.91 0 0 1-.57-.06 4.48 4.48 0 0 1-.62-.11l-.31-.06-.37-.11a10.08 10.08 0 0 1-2.85-1.25 11.73 11.73 0 0 1-1.42-1c-.23-.21-.44-.4-.65-.63s-.39-.42-.58-.65a11.86 11.86 0 0 1-1.84-3 13.7 13.7 0 0 1-.81-3.17 12.74 12.74 0 0 1 0-2.6 12.59 12.59 0 0 1 .31-2 12 12 0 0 1 .4-1.64c.08-.23.17-.46.23-.66l.21-.53c.25-.6.5-1.23.81-1.81a24.48 24.48 0 0 1 2-3.27c1.42-2 2.92-3.73 4.17-5.44.13-.27.27-.5.42-.75a.85.85 0 0 1 .14-.19l-2.27-7.82.08-.21c.26-.54.51-1.06.76-1.54 1-2 2.23-3.4 3.66-4a19.45 19.45 0 0 1 5.4-2.63 10.07 10.07 0 0 1 6.9.9c.27-.35.63-.71 1-1.15a8.45 8.45 0 0 0 .31-2.29c.23.33.44.65.67 1 1-1.56 1.82-3.86 1.5-7.65 1.21 1.13 2.4 2.4 3.59 3.75a1.58 1.58 0 0 1 1.5.07c2.08 1.08 4.4 4.85 6.75 9.67 1.57-.5 3.36-.36 5.9 2.42.67.75 1.19-.34 1.79-.48.67.75 1.34 1.48 2 2.25.58-.17-1-4.38-.36-4.55 2.15-.08 4.23-.85 6.63-.29s5.09 2.46 8.36 7.65a9.21 9.21 0 0 0 1.56 6c1.25 2 2 3.21 3.34 5.62 1.1 1.38 2.29 2.57 3.52 3.88v-.29l.25.31h-.19a27.62 27.62 0 0 1 4.5 6.22A11.91 11.91 0 0 1 76.4 44a14.74 14.74 0 0 1 .69 3c.04-.08 0-.08-.02-.06Zm-24.85-1.81c-.12-.11-.25-.21-.35-.29a3.37 3.37 0 0 1 .35.29Zm16.93-4.84c-.15-.23-.31-.43-.46-.64l.15.37a1 1 0 0 1 .31.27Z",
        "kind": "shape",
        "shapeType": "//ly.img.ubq/shape/vector_path",
        "width": 77,
        "height": 61
      }
    },
    {
      "id": "//ly.img.cesdk.vectorpaths.abstract/splash3",
      "groups": ["//ly.img.cesdk.vectorpaths.abstract/category/abstract"],
      "label": {
        "en": "Splash 3",
        "de": "Spritzer 3"
      },
      "tags": {},
      "meta": {
        "thumbUri": "{{base_url}}/ly.img.vectorpath/thumbnails/abstract/splash3.png",
        "vectorPath": "M274.3 208.5C274.2 210.7 274 213 273.8 215.3C273.6 217.6 273.3 219.9 272.9 222.2C272.1 226.9 271 231.6 269.6 236.2C268.9 238.5 268.2 240.8 267.3 243.1C266.4 245.4 265.5 247.7 264.5 249.9C263.5 252.2 262.4 254.4 261.2 256.7C260 258.9 258.7 261.2 257.4 263.5C256.1 265.7 254.7 267.8 253.2 270C252.5 271.1 251.7 272.2 251 273.2L248.8 276.2C248.4 277.2 247.5 278.2 246.2 279.2C245.5 279.7 244.8 280.2 243.9 280.7C243.1 281.1 242.2 281.6 241.2 281.9C239.3 282.7 237 283.5 234.6 284.1C232.4 284.6 230 285.1 227.5 285.5C226.9 285.6 226.3 285.7 225.6 285.8C225 285.9 224.5 285.9 223.9 286C222.8 286.1 221.6 286.2 220.5 286.4C219.4 286.5 218.2 286.6 217.1 286.8C216.1 286.9 215.1 286.9 214.1 287.1C213.1 287.2 212.1 287.3 211.2 287.5C210.7 287.6 210.3 287.7 209.8 287.7C209.4 287.8 209 287.9 208.6 287.9C207 288.3 205.5 288.8 204.1 289.6C202.7 292.2 201.2 294.6 199.6 297.1C198 299.6 196.6 301.9 195 304.3C188 304.6 181.9 305.2 176.3 305.6L172.2 305.9C171 306 169.8 306 168.6 306.1C166.9 306.2 165.2 306.3 163.6 306.2C160.3 306.1 157.2 305.3 154.4 303.4C151.6 301.5 149.2 298.1 147.3 292.9C142.5 284.5 137.7 282.2 133.1 280.1C128.5 278.1 123.9 276.8 120.2 270.7C117.4 266.2 113.9 264 109.9 262.7C108.1 262.1 106.2 261.7 104.3 261.2C96.2 268.9 88.2 276.7 80 284.4C79.8 284.6 79.6 284.8 79.3 285C78.9 285.5 78.4 285.9 78 286.4C77.1 287.4 76.1 288.5 75.2 289.7C74.7 290.3 74.3 290.9 73.8 291.5L73.5 292L73.9 291.4C74.2 290.9 74.5 290.5 74.8 290.1C75.1 289.6 78.4 284.3 82.6 277.1C86 271.3 89.9 264.3 93.5 257.8C93.2 257.7 92.9 257.5 92.6 257.3C86.5 264.8 81.5 272.2 77.9 278.1C73.7 285.1 71.4 289.9 70.5 290.4C68.8 292.7 67.7 295.1 67.1 294.3C66.4 293.5 66.3 289.4 64.4 278.9C64.2 280.2 64 281.4 63.9 283C63.9 285.8 64.2 289.5 64.5 293.4C64.3 291.6 64 289.7 63.8 287.9C63.8 288.8 63.9 289.8 64 290.9C64.1 292.3 64.3 293.9 64.6 295.7C64.5 295.5 64.5 295.2 64.5 295C64.3 294 64.1 293.2 63.9 292.4C63.8 291.8 63.6 291.2 63.5 290.6C63.4 290.1 63.2 289.6 63.1 289.1C63.1 289 63 288.9 63 288.8C62.9 288.3 62.7 287.8 62.6 287.4C62.6 287.3 62.6 287.3 62.5 287.2C62.4 286.7 62.2 286.3 62.1 285.9C61.9 285.4 61.8 285 61.6 284.6C61.2 283.5 60.8 282.5 60.4 281.6C58.7 281.9 57.6 277.5 56.7 274.2C56.8 274 56.9 273.7 57 273.5C54.9 268.6 52.5 263.3 49.8 257.5C49.9 263.7 48.7 274.7 52.2 269.9C50 273.8 48.7 279.7 47.4 284.6C46 290.2 44.7 294.6 42.2 293.5C47.5 283.2 45.6 280.9 43.4 278.9C47.3 281.1 47.4 263.7 49 256.1C47.3 252.4 45.5 248.6 43.6 244.6C35.5 227.7 26 208.5 16.5 189.6L12.3 199.3C14.1 191.2 14.1 187.4 13.8 184.3C11.3 179.4 8.9 174.5 6.4 169.7C5.6 163.9 4.8 158.2 4 152.4C3.1 145.9 2.3 139 1.7 131.7C1.1 124.4 0.699997 117 0.699997 109.7C0.699997 102.3 1.1 95.3 2 88.6C2.1 87.7 2.2 86.8 2.4 86V81.2C2.7 81 3.1 80.8 3.5 80.6C4.3 77.1 5.3 73.9 6.4 70.9C8.4 65.8 10.9 61.8 14 59.1C17.1 56.4 20.7 55.2 24.7 55.8C25.9 56 27.1 56.3 28.3 56.8C30.4 51.3 30 50.3 29.9 49C29.7 47.5 30 45.8 35.4 36.1C33.3 43.1 31.3 50.1 29.4 57.3C32.1 58.6 34.9 60.7 37.8 63.6C40.4 67.2 43 68.4 45.6 68.2C48.2 68 50.9 66.5 53.7 64.1C56.5 61.8 59.4 58.9 62.4 56C64.3 54.2 66.3 52.4 68.2 50.9C69.8 44.8 71.8 38.4 74.5 31.2C75.4 29.3 76.8 26.6 78.6 23.4C80.7 19.2 83.2 14.8 86.2 10C86.3 10.1 86.3 10.2 86.4 10.2C90.5 3.50001 93.7 -1.49999 93.1 0.800012C92.9 3.60001 92.5 7.00002 91.8 10.8C91.3 13.6 90.8 16.7 90.1 20C90.3 19.6 90.5 19.1 90.7 18.7C91.2 24 88 36 84.9 48C85.5 48.3 86.1 48.5 86.7 48.7C86.8 48.7 86.8 48.7 86.9 48.8L88.7 44.3C88.3 45.8 87.9 47.2 87.5 48.5C87.6 48.4 87.7 48.4 87.8 48.3C87.7 48.5 87.6 48.8 87.5 49.1C89.7 49.7 91.9 49.6 94.2 47.7C95.5 46.7 96.8 45 98.3 42.7C98.1 40.6 100.4 33.5 100 30C100.7 28.8 101.2 27.9 102.1 26.1C101.5 30.3 101 34.4 100.5 38.6C101.4 36.8 102.3 34.8 103.3 32.4C105 43.2 107.5 53.6 110.4 62.8L114 53.6L113.3 58.7C113 61 112.9 63 112.8 64.9C115 57.1 116.6 56.8 118.1 58.2C119.7 59.7 121.4 63.4 123.5 61.5C123.2 67.4 122.3 73 120 79.8C120.7 71 119.2 73.8 117.5 76.9L116.3 79C116.5 79.5 116.7 80 116.9 80.4C120 82 124.1 79.8 127.1 79.7C124.3 78.1 120.8 78.3 127.1 57.4C125.7 67.7 126.5 74.3 127.9 80.3C128.8 84 129.9 87.6 130.9 91.8C131.9 91.5 132.9 91.5 133.8 91.6L134.7 86.6C134.3 85 133.9 83.7 133.3 82.9C134.7 82.8 135.4 86.8 135.7 91.8C136.1 91.8 136.6 91.9 137 91.9C140.1 91.8 143.6 90.6 148.2 82.1C151.7 77.2 154.9 79.2 158.5 81.4C160.3 82.5 162.1 83.7 164 84.3C164.9 84.6 165.9 84.7 166.9 84.5C167.9 84.3 168.9 83.9 169.9 83C171.5 83.6 173.1 84.7 174.7 86.2L175.9 87.4L176.2 87.7L176.3 87.9L176.1 93.3L175.7 104.4H179C181.1 104.5 183.1 104.8 185.1 105.1C189.1 105.8 192.9 107.1 196.7 108.5C204.1 111.6 211.2 115.8 218.2 120.3C221.8 122.5 225.3 124.9 229.1 127.1C231 128.2 232.9 129.4 234.9 130.4C235.9 130.9 236.9 131.5 237.9 132C238.4 132.2 239.1 132.7 239.7 133.1L241.6 134.3C247.7 136.9 252.8 141.5 257.4 148C258.5 149.6 259.7 151.5 260.7 153.3C261.8 155.2 262.9 157.3 263.9 159.4C264.4 160.5 264.9 161.7 265.4 162.9C265.9 164.1 266.4 165.2 266.9 166.5C267.4 167.8 267.9 169.2 268.3 170.5L269 172.5C269.2 173.2 269.4 174 269.7 174.7C270.1 176.2 270.5 177.7 270.9 179.3L271.2 180.4L271.5 181.7L272 184.3C272.3 186.1 272.6 187.7 272.9 189.6C273.1 191.5 273.4 193.5 273.5 195.4L273.7 198.3L273.8 201.5C274.3 204.2 274.3 206.4 274.3 208.5V208.5ZM135.1 88.7C135.2 89.5 135.3 90.3 135.4 91C135.3 90.1 135.2 89.4 135.1 88.7Z",
        "kind": "shape",
        "shapeType": "//ly.img.ubq/shape/vector_path",
        "width": 275,
        "height": 307
      }
    },
    {
      "id": "//ly.img.cesdk.vectorpaths.abstract/splash4",
      "groups": ["//ly.img.cesdk.vectorpaths.abstract/category/abstract"],
      "label": {
        "en": "Splash 4",
        "de": "Spritzer 4"
      },
      "tags": {},
      "meta": {
        "thumbUri": "{{base_url}}/ly.img.vectorpath/thumbnails/abstract/splash4.png",
        "vectorPath": "M.11 57.47A1.1 1.1 0 0 1 .05 57a2.28 2.28 0 0 1 0-1h.06c.06-.62.18-1.19.31-1.21A3.43 3.43 0 0 1 1.86 54a.09.09 0 0 0 0-.08A2 2 0 0 1 4 53.75l-.06-.12.25-.47-.19-.25a1.09 1.09 0 0 1 .19.1v-.06l.1.16a2.11 2.11 0 0 1 .15.15.28.28 0 0 0 .33 0v-.66h1.36a16.7 16.7 0 0 1-1.46 1.09v.21A9.57 9.57 0 0 0 8 53.59c.23 0 .29-.62.35-1.42a6.67 6.67 0 0 1-.33-.66l-1.23.82c-.27-.86.21-1.37.86-2 .19.49-.18.92.33 1.07-.06-.21-.14-.45-.2-.74A4 4 0 0 1 9 48.47a13.33 13.33 0 0 0 1-1.07 2.85 2.85 0 0 1-.37-.21l.29.05-.2-1.15a1.88 1.88 0 0 0 .78.18c-.58-1 1.25-1.64 1.72-2.65a1.05 1.05 0 0 1 .89 1c-.8-.28-.66.46-.8 1a.53.53 0 0 1 .12-.1 18.9 18.9 0 0 0 2-2.53c-.65.64-1.29 1.48-1.87-.23 1 .7 2.22-.1 3.56-.39a8.34 8.34 0 0 1 .53-.65l-.22-.35a1.73 1.73 0 0 0-.58.22 1.17 1.17 0 0 1 1.15-.36A6.11 6.11 0 0 0 18.65 38c.64-2 3.21-2.74 4.42-4.92a11.93 11.93 0 0 1 3.08-1.82s0 0-.08 0c.64-2.24 2.57-3 4.38-3.72a.4.4 0 0 0 .16-.08 7.66 7.66 0 0 0 .19-3.72c-.19-1.23.55-2.1 2.57-1.09-1.32-3.57-1.18-6-.35-7.71a8.4 8.4 0 0 1 3.68-3.39c.8-.76 3.35 1.3 5.11 2.86v-.17a22.38 22.38 0 0 1 1-6 5.88 5.88 0 0 1 3-3.63 16.48 16.48 0 0 1 5.74-2.31 23.45 23.45 0 0 1 8.12.11C60 2.3 60.48 2.18 61 2a2.15 2.15 0 0 0 .74-.8l.7.37.72-.2a19.08 19.08 0 0 0 1.76-.61A4 4 0 0 0 66.25 0l2 .76 1.83.7.31.12c.69.11 1.41.25 2.17.43a36.86 36.86 0 0 1 5.29 1.85 15.54 15.54 0 0 1 1.91 1 3.71 3.71 0 0 0-1.54 2 15 15 0 0 0-.66 3.31v.62a.59.59 0 0 1-.1.17 16.1 16.1 0 0 1-.6 3 3.52 3.52 0 0 1-2.36 2.57c-.83.08-1.3.86-1.63 1.93s-.45 2.4-.74 3.45c0 1.13-.8 1.42-1.37 1.91s-.95 1.2 0 3.37a13.84 13.84 0 0 0-6.91-1.87 7 7 0 0 0-1.91.33l.37.5a1.14 1.14 0 0 1-1.57.12 3.36 3.36 0 0 0-1.21 2.1c-.61-.35-.76-1-1.56-1.3.92 1.83.74 2.43-.19 2.26a7.53 7.53 0 0 1-.16.8 6.08 6.08 0 0 1 .7 2.37l-1.13-1.09a9.66 9.66 0 0 1-2.36 3.33c-1.81 1.75-4.1 3-5.88 5-.74 1.19-2.12 1.75-3.46 2.47a7.13 7.13 0 0 0-3.39 3.31c0 .51-2.14 0-2.65.72v1.52c-1 .49-2 1.29-3 1.87a4.33 4.33 0 0 1-3.33.6 6 6 0 0 0-3 .59 7.91 7.91 0 0 1-2.61.78c-1.48.08-2.8 1.09-4.22 1.85a5.77 5.77 0 0 1-4.62.78c-.43-.12-1 .56-1.5.85-.41-.13-.83-.23-1.24-.35-.47.31 0 1.7-.45 2-1.7.78-3.47 1.85-5.24 2.51a6.88 6.88 0 0 1-4.93.39c.12-.35.82-1.42-.09-1.81A15.38 15.38 0 0 1 3.75 57a6.89 6.89 0 0 0-1.75.41.28.28 0 0 1 0 .12h-.13l.13-.12a2.69 2.69 0 0 1-1.89.06Zm4.19-3.68a.78.78 0 0 0 .21 0v-.1a.32.32 0 0 1-.21.1Zm12.52-12.62Z",
        "kind": "shape",
        "shapeType": "//ly.img.ubq/shape/vector_path",
        "width": 79,
        "height": 59
      }
    },
    {
      "id": "//ly.img.cesdk.vectorpaths.abstract/wiggle",
      "groups": ["//ly.img.cesdk.vectorpaths.abstract/category/abstract"],
      "label": {
        "en": "Wiggle",
        "de": "Wackeln"
      },
      "tags": {},
      "meta": {
        "thumbUri": "{{base_url}}/ly.img.vectorpath/thumbnails/abstract/wiggle.png",
        "vectorPath": "M85.12 7.56c-2.78 0-4.18-1.72-5.41-3.23s-2.1-2.59-4-2.59-2.93 1.2-4 2.59S69 7.56 66.2 7.56 62 5.84 60.8 4.33s-2.11-2.59-4.06-2.59-2.92 1.2-4.05 2.59-2.63 3.23-5.4 3.23-4.18-1.72-5.41-3.23-2.1-2.59-4.05-2.59-2.92 1.2-4 2.59-2.63 3.23-5.41 3.23S24.2 5.84 23 4.33s-2.1-2.59-4-2.59-3 1.2-4.14 2.59-2.62 3.23-5.4 3.23-4.18-1.72-5.41-3.23S2 1.74 0 1.74V0c2.78 0 4.17 1.72 5.4 3.23s2.11 2.59 4.06 2.59 2.92-1.2 4-2.59S16.14 0 18.92 0s4.17 1.72 5.4 3.23 2.1 2.59 4.05 2.59 2.93-1.2 4.05-2.59S35.05 0 37.83 0s4.17 1.72 5.4 3.23 2.1 2.59 4.06 2.59 2.92-1.2 4.05-2.59S54 0 56.74 0s4.18 1.72 5.41 3.23 2.1 2.59 4.05 2.59 2.93-1.2 4-2.59S72.88 0 75.66 0s4.17 1.72 5.4 3.23 2.11 2.59 4.06 2.59 2.92-1.2 4-2.59S91.8 0 94.57 0v1.74c-1.95 0-2.92 1.2-4 2.59s-2.67 3.23-5.45 3.23Z",
        "kind": "shape",
        "shapeType": "//ly.img.ubq/shape/vector_path",
        "width": 94,
        "height": 7
      }
    },
    {
      "id": "//ly.img.cesdk.vectorpaths.abstract/ziczac",
      "groups": ["//ly.img.cesdk.vectorpaths.abstract/category/abstract"],
      "label": {
        "en": "Ziczac",
        "de": "Zickzack"
      },
      "tags": {},
      "meta": {
        "thumbUri": "{{base_url}}/ly.img.vectorpath/thumbnails/abstract/ziczac.png",
        "vectorPath": "m25.47 6.95-8.36-5.14-8.35 5.14L0 1.56.81.25l7.95 4.89L17.11 0l8.36 5.14L33.83 0l8.35 5.14L50.54 0l8.35 5.14L67.25 0l8.36 5.14L83.56.25l.81 1.31-8.76 5.39-8.36-5.14-8.36 5.14-8.35-5.14-8.36 5.14-8.35-5.14-8.36 5.14z",
        "kind": "shape",
        "shapeType": "//ly.img.ubq/shape/vector_path",
        "width": 84,
        "height": 6
      }
    }
  ]
}
