{
  "version": "2.0.0",
  "id": "ly.img.filter.duotone",
  "assets": [
    {
      "id": "//ly.img.cesdk.filters.duotone/desert",
      "groups": [],
      "label": {
        "en": "Desert"
      },
      "tags": {},
      "meta": {
        "thumbUri": "{{base_url}}/ly.img.filter.duotone/thumbnails/imgly_duotone_desert.jpg",
        "lightColor": "#e1de9a",
        "darkColor": "#cb2129"
      }
    },
    {
      "id": "//ly.img.cesdk.filters.duotone/peach",
      "groups": [],
      "label": {
        "en": "Peach"
      },
      "tags": {},
      "meta": {
        "thumbUri": "{{base_url}}/ly.img.filter.duotone/thumbnails/imgly_duotone_peach.jpg",
        "lightColor": "#e9abb8",
        "darkColor": "#0040ff"
      }
    },
    {
      "id": "//ly.img.cesdk.filters.duotone/clash",
      "groups": [],
      "label": {
        "en": "Clash"
      },
      "tags": {},
      "meta": {
        "thumbUri": "{{base_url}}/ly.img.filter.duotone/thumbnails/imgly_duotone_clash.jpg",
        "lightColor": "#f41a0f",
        "darkColor": "#23007c"
      }
    },
    {
      "id": "//ly.img.cesdk.filters.duotone/plum",
      "groups": [],
      "label": {
        "en": "Plum"
      },
      "tags": {},
      "meta": {
        "thumbUri": "{{base_url}}/ly.img.filter.duotone/thumbnails/imgly_duotone_plum.jpg",
        "lightColor": "#74d7ff",
        "darkColor": "#23007c"
      }
    },
    {
      "id": "//ly.img.cesdk.filters.duotone/breezy",
      "groups": [],
      "label": {
        "en": "Breezy"
      },
      "tags": {},
      "meta": {
        "thumbUri": "{{base_url}}/ly.img.filter.duotone/thumbnails/imgly_duotone_breezy.jpg",
        "lightColor": "#68fdff",
        "darkColor": "#c20000"
      }
    },
    {
      "id": "//ly.img.cesdk.filters.duotone/deepblue",
      "groups": [],
      "label": {
        "en": "Deep Blue"
      },
      "tags": {},
      "meta": {
        "thumbUri": "{{base_url}}/ly.img.filter.duotone/thumbnails/imgly_duotone_deepblue.jpg",
        "lightColor": "#2de9eb",
        "darkColor": "#58007c"
      }
    },
    {
      "id": "//ly.img.cesdk.filters.duotone/frog",
      "groups": [],
      "label": {
        "en": "Frog"
      },
      "tags": {},
      "meta": {
        "thumbUri": "{{base_url}}/ly.img.filter.duotone/thumbnails/imgly_duotone_frog.jpg",
        "lightColor": "#5bff60",
        "darkColor": "#7f23a9"
      }
    },
    {
      "id": "//ly.img.cesdk.filters.duotone/sunset",
      "groups": [],
      "label": {
        "en": "Sunset"
      },
      "tags": {},
      "meta": {
        "thumbUri": "{{base_url}}/ly.img.filter.duotone/thumbnails/imgly_duotone_sunset.jpg",
        "lightColor": "#f8ea46",
        "darkColor": "#c400be"
      }
    }
  ]
}
